mode,fold,precision,recall,f1
contrastive,1,0.5409090909090909,0.3851132686084142,0.4499054820415879
contrastive,2,0.5251572327044025,0.49262536873156343,0.5083713850837138
contrastive,3,0.4219512195121951,0.574750830564784,0.4866385372714486
contrastive,4,0.538135593220339,0.3981191222570533,0.45765765765765765
contrastive,5,0.4625668449197861,0.484593837535014,0.47332421340629277
