mode,fold,precision,recall,f1
contrastive,1,0.50187265917603,0.4336569579288026,0.46527777777777773
contrastive,2,0.6009174311926605,0.3864306784660767,0.4703770197486535
contrastive,3,0.48089171974522293,0.5016611295681063,0.49105691056910566
contrastive,4,0.4707379134860051,0.5799373040752351,0.5196629213483147
contrastive,5,0.5418181818181819,0.4173669467787115,0.47151898734177217
