mode,fold,precision,recall,f1
contrastive,1,0.5616438356164384,0.39805825242718446,0.4659090909090909
contrastive,2,0.45598194130925507,0.5958702064896755,0.516624040920716
contrastive,3,0.5227272727272727,0.4584717607973422,0.48849557522123893
contrastive,4,0.4896755162241888,0.5203761755485894,0.5045592705167173
contrastive,5,0.5491525423728814,0.453781512605042,0.49693251533742333
