mode,fold,precision,recall,f1
contrastive,1,0.488,0.3948220064724919,0.4364937388193202
contrastive,2,0.0,0.0,0.0
contrastive,3,0.42105263157894735,0.53156146179402,0.4698972099853157
contrastive,4,0.5261324041811847,0.47335423197492166,0.4983498349834984
contrastive,5,0.44819819819819817,0.5574229691876751,0.4968789013732834
