mode,fold,precision,recall,f1
naive,1,0.5357142857142857,0.33980582524271846,0.4158415841584159
naive,2,0.5228070175438596,0.43952802359882004,0.47756410256410253
naive,3,0.43167701863354035,0.46179401993355484,0.44622792937399675
naive,4,0.49454545454545457,0.4263322884012539,0.45791245791245794
naive,5,0.5372168284789643,0.4649859943977591,0.4984984984984985
