mode,fold,precision,recall,f1
sentence,1,0.5256410256410257,0.39805825242718446,0.4530386740331492
sentence,2,0.6231155778894473,0.36578171091445427,0.46096654275092935
sentence,3,0.4972375690607735,0.29900332225913623,0.3734439834024897
sentence,4,0.41254752851711024,0.6802507836990596,0.5136094674556213
sentence,5,0.5473684210526316,0.4369747899159664,0.485981308411215
