mode,fold,precision,recall,f1
contrastive-max,1,0.5076142131979695,0.32362459546925565,0.3952569169960474
contrastive-max,2,0.5864978902953587,0.41002949852507375,0.4826388888888889
contrastive-max,3,0.4112903225806452,0.5083056478405316,0.4546805349182764
contrastive-max,4,0.46153846153846156,0.5078369905956113,0.4835820895522388
contrastive-max,5,0.5555555555555556,0.3081232492997199,0.3963963963963964
