mode,fold,precision,recall,f1
contrastive-max,1,0.551219512195122,0.3656957928802589,0.43968871595330744
contrastive-max,2,0.4577114427860697,0.5427728613569321,0.4966261808367072
contrastive-max,3,0.49808429118773945,0.4318936877076412,0.4626334519572954
contrastive-max,4,0.5337837837837838,0.4952978056426332,0.5138211382113821
contrastive-max,5,0.5393700787401575,0.38375350140056025,0.44844517184942717
0.516033822	0.44388273	0.472242932