mode,fold,precision,recall,f1
contrastive-max,1,0.4855072463768116,0.4336569579288026,0.4581196581196581
contrastive-max,2,0.5502008032128514,0.40412979351032446,0.4659863945578231
contrastive-max,3,0.4740484429065744,0.45514950166112955,0.46440677966101696
contrastive-max,4,0.4895397489539749,0.3667711598746082,0.4193548387096775
contrastive-max,5,0.574468085106383,0.37815126050420167,0.4560810810810811
0.514752865	0.407571735	0.45278975