mode,fold,precision,recall,f1
contrastive-max,1,0.5362903225806451,0.43042071197411,0.4775583482944345
contrastive-max,2,0.5410447761194029,0.4277286135693215,0.4777594728171334
contrastive-max,3,0.47668393782383417,0.30564784053156147,0.3724696356275304
contrastive-max,4,0.5345622119815668,0.36363636363636365,0.4328358208955224
contrastive-max,5,0.6390977443609023,0.23809523809523808,0.3469387755102041
