mode,fold,precision,recall,f1
contrastive-max,1,0.5021459227467812,0.3786407766990291,0.43173431734317347
contrastive-max,2,0.5209003215434084,0.4778761061946903,0.4984615384615385
contrastive-max,3,0.5282051282051282,0.34219269102990035,0.4153225806451613
contrastive-max,4,0.44923857868020306,0.554858934169279,0.49649368863955123
contrastive-max,5,0.5127118644067796,0.3389355742296919,0.40809443507588533
