mode,fold,precision,recall,f1
naive,1,0.4550408719346049,0.540453074433657,0.4940828402366864
naive,2,0.5748792270531401,0.35103244837758113,0.4358974358974359
naive,3,0.46357615894039733,0.46511627906976744,0.46434494195688225
naive,4,0.49812734082397003,0.4169278996865204,0.45392491467576795
naive,5,0.551440329218107,0.3753501400560224,0.4466666666666667
0.508612786	0.429775968	0.45898336