mode,fold,precision,recall,f1
random,1,0.4976303317535545,0.33980582524271846,0.40384615384615385
random,2,0.5273311897106109,0.4837758112094395,0.5046153846153846
random,3,0.5481927710843374,0.3023255813953488,0.3897216274089936
random,4,0.5151515151515151,0.4263322884012539,0.4665523156089194
random,5,0.4849624060150376,0.36134453781512604,0.4141252006420546
0.514653643	0.382716809	0.435772136