mode,fold,precision,recall,f1
sentence,1,0.5062240663900415,0.3948220064724919,0.4436363636363636
sentence,2,0.6099585062240664,0.4336283185840708,0.506896551724138
sentence,3,0.5318181818181819,0.38870431893687707,0.44913627639155473
sentence,4,0.5201612903225806,0.4043887147335423,0.455026455026455
sentence,5,0.5323741007194245,0.41456582633053224,0.46614173228346456
0.540107229	0.407221837	0.464167476