mode,fold,precision,recall,f1
contrastive,1,0.4473684210526316,0.265625,0.3333333333333333
contrastive,2,0.4117647058823529,0.42,0.41584158415841577
contrastive,3,0.3469387755102041,0.25,0.2905982905982906
contrastive,4,0.37209302325581395,0.5714285714285714,0.45070422535211263
contrastive,5,0.4025974025974026,0.5961538461538461,0.4806201550387597
