mode,fold,precision,recall,f1
contrastive,1,0.4818181818181818,0.828125,0.6091954022988505
contrastive,2,0.32857142857142857,0.46,0.38333333333333336
contrastive,3,0.3333333333333333,0.36764705882352944,0.3496503496503497
contrastive,4,0.2413793103448276,0.25,0.24561403508771928
contrastive,5,0.17647058823529413,0.057692307692307696,0.08695652173913045
