mode,fold,precision,recall,f1
contrastive,1,0.4344262295081967,0.828125,0.5698924731182796
contrastive,2,0.4,0.56,0.4666666666666667
contrastive,3,0.38095238095238093,0.47058823529411764,0.42105263157894735
contrastive,4,0.375,0.32142857142857145,0.3461538461538462
contrastive,5,0.359375,0.4423076923076923,0.39655172413793105
