mode,fold,precision,recall,f1
contrastive,1,0.4268292682926829,0.546875,0.4794520547945206
contrastive,2,0.4166666666666667,0.4,0.4081632653061225
contrastive,3,0.36363636363636365,0.23529411764705882,0.2857142857142857
contrastive,4,0.3404255319148936,0.5714285714285714,0.4266666666666666
contrastive,5,0.38,0.36538461538461536,0.37254901960784315
