mode,fold,precision,recall,f1
naive,1,0.49295774647887325,0.546875,0.5185185185185185
naive,2,0.4186046511627907,0.36,0.38709677419354843
naive,3,0.24242424242424243,0.11764705882352941,0.15841584158415842
naive,4,0.2608695652173913,0.21428571428571427,0.23529411764705882
naive,5,0.3333333333333333,0.17307692307692307,0.22784810126582278
