mode,fold,precision,recall,f1
sentence,1,0.47368421052631576,0.5625,0.5142857142857142
sentence,2,0.3902439024390244,0.32,0.35164835164835173
sentence,3,0.4117647058823529,0.20588235294117646,0.2745098039215686
sentence,4,0.2558139534883721,0.19642857142857142,0.22222222222222224
sentence,5,0.5,0.09615384615384616,0.16129032258064518
