mode,fold,precision,recall,f1
contrastive,1,0.4892086330935252,0.4401294498381877,0.46337308347529815
contrastive,2,0.48787061994609165,0.5339233038348082,0.5098591549295775
contrastive,3,0.576271186440678,0.22591362126245848,0.324582338902148
contrastive,4,0.4610951008645533,0.5015673981191222,0.4804804804804805
contrastive,5,0.5179282868525896,0.3641456582633053,0.42763157894736836
