mode,fold,precision,recall,f1
contrastive,1,0.5852272727272727,0.3333333333333333,0.42474226804123716
contrastive,2,0.6008583690987125,0.41297935103244837,0.4895104895104896
contrastive,3,0.40607734806629836,0.4883720930232558,0.4434389140271493
contrastive,4,0.4661016949152542,0.5172413793103449,0.49034175334323926
contrastive,5,0.49328859060402686,0.4117647058823529,0.4488549618320611
