mode,fold,precision,recall,f1
contrastive,1,0.559322033898305,0.32038834951456313,0.40740740740740744
contrastive,2,0.6206896551724138,0.3185840707964602,0.4210526315789474
contrastive,3,0.5384615384615384,0.3023255813953488,0.3872340425531915
contrastive,4,0.5056603773584906,0.4200626959247649,0.45890410958904104
contrastive,5,0.5785123966942148,0.39215686274509803,0.46744574290484137
