mode,fold,precision,recall,f1
contrastive,1,0.5659340659340659,0.3333333333333333,0.41955193482688397
contrastive,2,0.5286195286195287,0.4631268436578171,0.4937106918238994
contrastive,3,0.4892703862660944,0.3787375415282392,0.42696629213483145
contrastive,4,0.47896440129449835,0.46394984326018807,0.47133757961783435
contrastive,5,0.5277777777777778,0.4789915966386555,0.5022026431718062
