mode,fold,precision,recall,f1
random,1,0.4838709677419355,0.4854368932038835,0.48465266558966075
random,2,0.5398550724637681,0.43952802359882004,0.4845528455284553
random,3,0.5319148936170213,0.33222591362126247,0.408997955010225
random,4,0.47580645161290325,0.36990595611285265,0.4162257495590829
random,5,0.5416666666666666,0.4005602240896359,0.46054750402576494
