mode,fold,precision,recall,f1
sentence,1,0.5436893203883495,0.36245954692556637,0.4349514563106796
sentence,2,0.562992125984252,0.4218289085545723,0.4822934232715009
sentence,3,0.4357976653696498,0.37209302325581395,0.40143369175627236
sentence,4,0.4642857142857143,0.5297805642633229,0.49487554904831627
sentence,5,0.5851528384279476,0.3753501400560224,0.4573378839590444
