mode,fold,precision,recall,f1
contrastive-max,1,0.6,0.375,0.4615384615384615
contrastive-max,2,0.32608695652173914,0.3,0.31250000000000006
contrastive-max,3,0.3977272727272727,0.5147058823529411,0.4487179487179487
contrastive-max,4,0.36065573770491804,0.39285714285714285,0.37606837606837606
contrastive-max,5,0.5,0.17307692307692307,0.2571428571428571
