mode,fold,precision,recall,f1
contrastive-max,1,0.5272727272727272,0.453125,0.48739495798319327
contrastive-max,2,0.3684210526315789,0.14,0.20289855072463772
contrastive-max,3,0.42857142857142855,0.1323529411764706,0.20224719101123595
contrastive-max,4,0.35714285714285715,0.08928571428571429,0.14285714285714285
contrastive-max,5,0.45,0.34615384615384615,0.3913043478260869
