mode,fold,precision,recall,f1
contrastive-max,1,0.4,0.1875,0.25531914893617025
contrastive-max,2,0.375,0.3,0.33333333333333326
contrastive-max,3,0.4642857142857143,0.19117647058823528,0.27083333333333337
contrastive-max,4,0.3333333333333333,0.6607142857142857,0.4431137724550898
contrastive-max,5,0.29411764705882354,0.09615384615384616,0.14492753623188406
0.373347339	0.28710892	0.289505425