mode,fold,precision,recall,f1
contrastive-max,1,0.36363636363636365,0.125,0.18604651162790697
contrastive-max,2,0.45454545454545453,0.2,0.2777777777777778
contrastive-max,3,0.3829787234042553,0.2647058823529412,0.31304347826086953
contrastive-max,4,0.22727272727272727,0.08928571428571429,0.12820512820512822
contrastive-max,5,0.42857142857142855,0.23076923076923078,0.3
0.371400939	0.181952165	0.241014579