mode,fold,precision,recall,f1
contrastive-max,1,0.6842105263157895,0.203125,0.3132530120481928
contrastive-max,2,0.4305555555555556,0.62,0.5081967213114755
contrastive-max,3,0.6428571428571429,0.1323529411764706,0.21951219512195122
contrastive-max,4,0.25925925925925924,0.125,0.1686746987951807
contrastive-max,5,0.4,0.3076923076923077,0.34782608695652173
0.483376497	0.27763405	0.311492543