mode,fold,precision,recall,f1
naive,1,0.5531914893617021,0.40625,0.46846846846846846
naive,2,0.3939393939393939,0.26,0.3132530120481928
naive,3,0.4126984126984127,0.38235294117647056,0.3969465648854961
naive,4,0.41304347826086957,0.3392857142857143,0.3725490196078432
naive,5,0.3728813559322034,0.4230769230769231,0.39639639639639646
