mode,fold,precision,recall,f1
random,1,0.29411764705882354,0.078125,0.1234567901234568
random,2,0.45454545454545453,0.1,0.16393442622950818
random,3,0.3333333333333333,0.10294117647058823,0.15730337078651682
random,4,0.36538461538461536,0.3392857142857143,0.3518518518518519
random,5,0.25,0.038461538461538464,0.06666666666666668
0.33947621	0.131762686	0.172642621