mode,fold,precision,recall,f1
sentence,1,0.47619047619047616,0.46875,0.47244094488188976
sentence,2,0.20833333333333334,0.1,0.13513513513513514
sentence,3,0.44776119402985076,0.4411764705882353,0.4444444444444445
sentence,4,0.37254901960784315,0.3392857142857143,0.35514018691588783
sentence,5,0.46153846153846156,0.23076923076923078,0.30769230769230776
0.393274497	0.315996283	0.342970604