mode,fold,precision,recall,f1
contrastive,1,0.5176470588235295,0.6875,0.5906040268456376
contrastive,2,0.40540540540540543,0.3,0.3448275862068966
contrastive,3,0.6071428571428571,0.25,0.3541666666666667
contrastive,4,0.23076923076923078,0.16071428571428573,0.18947368421052632
contrastive,5,0.6,0.23076923076923078,0.33333333333333337
