mode,fold,precision,recall,f1
contrastive,1,0.38961038961038963,0.46875,0.425531914893617
contrastive,2,0.2777777777777778,0.1,0.14705882352941177
contrastive,3,0.3793103448275862,0.16176470588235295,0.22680412371134023
contrastive,4,0.16666666666666666,0.125,0.14285714285714288
contrastive,5,0.2727272727272727,0.11538461538461539,0.16216216216216214
