mode,fold,precision,recall,f1
contrastive,1,0.5121951219512195,0.328125,0.39999999999999997
contrastive,2,0.34375,0.22,0.2682926829268293
contrastive,3,0.35294117647058826,0.08823529411764706,0.1411764705882353
contrastive,4,0.11428571428571428,0.07142857142857142,0.0879120879120879
contrastive,5,0.4230769230769231,0.21153846153846154,0.28205128205128205
