mode,fold,precision,recall,f1
contrastive,1,0.36585365853658536,0.234375,0.2857142857142857
contrastive,2,0.32075471698113206,0.34,0.3300970873786408
contrastive,3,0.40476190476190477,0.25,0.3090909090909091
contrastive,4,0.22727272727272727,0.08928571428571429,0.12820512820512822
contrastive,5,0.4358974358974359,0.3269230769230769,0.3736263736263737
