mode,fold,precision,recall,f1
random,1,0.47560975609756095,0.609375,0.5342465753424657
random,2,0.3055555555555556,0.22,0.2558139534883721
random,3,0.48,0.17647058823529413,0.25806451612903225
random,4,0.2564102564102564,0.17857142857142858,0.21052631578947367
random,5,0.2894736842105263,0.21153846153846154,0.24444444444444444
